Title,Media URL,Pinterest board,Thumbnail,Description,Link,Publish date,Keywords
Brisket Cook Time Calculator — Exact Hours by Weight (Free),https://pitmaster.tools/og/pins/d01-brisket.jpg,Smoked Brisket,,"Stop guessing when the brisket goes on. Enter your weight and smoker temp and get the exact cook time, wrap point, and rest window — 8 lb to 20 lb packers, 225°F to 275°F. Free calculator, no signup. Perfect for planning an overnight cook.",https://pitmaster.tools/brisket-calculator?utm_source=pinterest&utm_medium=pin&utm_campaign=pin30&utm_content=d01-brisket,2026-07-18T00:30:00,"brisket cook time, smoked brisket, brisket calculator, bbq smoking, pellet smoker recipes"
"How Long to Smoke Ribs — Baby Back, Spare & Beef Rib Timelines",https://pitmaster.tools/og/pins/d02-ribs.jpg,Ribs & Pulled Pork,,"Baby backs, St. Louis, or big beef ribs — each needs a different clock. This free rib calculator builds your full timeline at 225°F or 250°F, including wrap and sauce windows. Get ribs that bend, not fall apart.",https://pitmaster.tools/rib-calculator?utm_source=pinterest&utm_medium=pin&utm_campaign=pin30&utm_content=d02-ribs,2026-07-18T18:00:00,"smoked ribs, how long to smoke ribs, baby back ribs, rib recipes, bbq ribs"
Pork Butt Cook Time Calculator — Pulled Pork Without the Guessing,https://pitmaster.tools/og/pins/d03-porkbutt.jpg,Ribs & Pulled Pork,,"A 9 lb pork butt at 225°F is an all-day cook — but how long exactly? Enter your weight and temp and get the full schedule: cook time, stall window, wrap point, and when to start so dinner isn't at midnight. Free, no signup.",https://pitmaster.tools/pork-shoulder-calculator?utm_source=pinterest&utm_medium=pin&utm_campaign=pin30&utm_content=d03-porkbutt,2026-07-19T18:00:00,"pulled pork, pork butt, pork shoulder smoking, smoked pulled pork, bbq calculator"
"Smoking Times & Temps Chart — Every Cut, One Printable Cheat Sheet",https://pitmaster.tools/og/pins/d04-chart.jpg,BBQ Calculators & Cheat Sheets,,"Brisket 195–205°F. Pork butt 203°F. Chicken 165°F. One chart with smoker temps, target internal temps, and time-per-pound for every cut you'll ever smoke. Free and printable — tape it inside your smoker cabinet.",https://pitmaster.tools/smoking-times-and-temps?utm_source=pinterest&utm_medium=pin&utm_campaign=pin30&utm_content=d04-chart,2026-07-21T00:30:00,"smoking times and temperatures, meat smoking chart, bbq cheat sheet, smoker recipes, internal temp chart"
How Much Meat Per Person? BBQ Serving Calculator,https://pitmaster.tools/og/pins/d05-meatpp.jpg,BBQ for a Crowd,,"The rule of thumb is ½ lb cooked meat per guest — about 1 lb raw before trim and shrink. But brisket, ribs, and chicken all yield differently. This free calculator does the math for your exact headcount and menu so you buy the right amount.",https://pitmaster.tools/meat-per-person?utm_source=pinterest&utm_medium=pin&utm_campaign=pin30&utm_content=d05-meatpp,2026-07-22T00:30:00,"how much meat per person, bbq party planning, cookout food, bbq for a crowd, party food calculator"
Make Every Meat Finish at the Same Time — Free BBQ Cook Scheduler,https://pitmaster.tools/og/pins/d06-coordinator.jpg,BBQ for a Crowd,,"Brisket, ribs, and chicken all done at 6 PM — no cold brisket waiting on the ribs. Pick up to 6 meats and one serve time and get a start-time schedule for each. The tool every backyard cook wishes existed. Free, no signup.",https://pitmaster.tools/cook-time-coordinator?utm_source=pinterest&utm_medium=pin&utm_campaign=pin30&utm_content=d06-coordinator,2026-07-23T00:30:00,"bbq timing, smoking schedule, bbq party planning, cookout planning, smoker tips"
How Much Charcoal Do You Actually Need? (Minion & Snake Method),https://pitmaster.tools/og/pins/d07-charcoal.jpg,BBQ Calculators & Cheat Sheets,,"Running out of coals at hour 8 ruins a brisket. This free calculator gives you the exact charcoal load for Minion, Snake, or direct-heat cooks based on your temp and cook length — no more mid-cook refills or wasted briquettes.",https://pitmaster.tools/charcoal-calculator?utm_source=pinterest&utm_medium=pin&utm_campaign=pin30&utm_content=d07-charcoal,2026-07-24T00:30:00,"charcoal grilling, snake method, minion method, kettle grill smoking, charcoal smoker"
Dry Rub Calculator — Scale Any Rub Recipe to Any Amount of Meat,https://pitmaster.tools/og/pins/d08-rub.jpg,BBQ Calculators & Cheat Sheets,,"Your rub recipe covers 5 lb but you're cooking 14. This free calculator scales salt, sugar, and spice in perfect balance for any weight — so a bigger batch never means saltier bark. Works with any rub recipe you already love.",https://pitmaster.tools/dry-rub-calculator?utm_source=pinterest&utm_medium=pin&utm_campaign=pin30&utm_content=d08-rub,2026-07-25T00:30:00,"dry rub recipe, bbq rub, brisket rub, rib rub, homemade spice rub"
BBQ Catering Calculator — Feed 20 to 500 People Without Overbuying,https://pitmaster.tools/og/pins/d09-catering.jpg,BBQ for a Crowd,,"Family reunion, graduation party, church cookout — this free calculator turns a headcount into a shopping list: raw pounds per meat, servings, and total cost for up to 500 guests. Plan the whole menu in two minutes.",https://pitmaster.tools/catering-calculator?utm_source=pinterest&utm_medium=pin&utm_campaign=pin30&utm_content=d09-catering,2026-07-25T18:00:00,"bbq catering, party food planning, feeding a crowd, cookout menu, bbq party"
"Brine Calculator — Exact Salt, Sugar & Water for Any Cut",https://pitmaster.tools/og/pins/d10-brine.jpg,BBQ Calculators & Cheat Sheets,,"Wet or dry brine, any cut, by weight: this free calculator gives the exact salt, sugar, and water so chicken and turkey come off the smoker juicy every single time. No more ""about a cup of salt"" guesswork.",https://pitmaster.tools/brine-calculator?utm_source=pinterest&utm_medium=pin&utm_campaign=pin30&utm_content=d10-brine,2026-07-26T18:00:00,"brine recipe, chicken brine, turkey brine, how to brine, smoked chicken"
What Does Your BBQ Actually Cost? Free Cost-Per-Serving Calculator,https://pitmaster.tools/og/pins/d11-cost.jpg,BBQ for a Crowd,,"Meat, rub, charcoal, and 12 hours of your time — what's the real number? This free calculator breaks down total cost, cost per pound, and cost per serving. Eye-opening if you're thinking about selling plates or just defending your hobby.",https://pitmaster.tools/bbq-cost-calculator?utm_source=pinterest&utm_medium=pin&utm_campaign=pin30&utm_content=d11-cost,2026-07-28T00:30:00,"bbq cost, cost per serving, bbq business, backyard bbq, meal cost calculator"
Brisket Yield Calculator — How Much Cooked Meat a Packer Really Gives,https://pitmaster.tools/og/pins/d12-yield.jpg,Smoked Brisket,,A 14 lb packer brisket yields about 7 lb of sliced meat — roughly 50% after trim and cook loss. Buying for a party? This free calculator works backward from servings needed to the raw weight to buy. Never come up short again.,https://pitmaster.tools/brisket-yield-calculator?utm_source=pinterest&utm_medium=pin&utm_campaign=pin30&utm_content=d12-yield,2026-07-29T00:30:00,"brisket yield, packer brisket, brisket per person, smoked brisket, bbq planning"
Is This Weekend Good Smoking Weather? Free Smoke-Day Forecast,https://pitmaster.tools/og/pins/d13-smokeweather.jpg,Smoking Weather & Seasons,,"Wind wrecks temps, rain kills your fire, and a cold snap adds hours. This free tool grades the next 7 days for smoking weather at your location — so you pick the right day before you trim the brisket.",https://pitmaster.tools/smoke-weather/?utm_source=pinterest&utm_medium=pin&utm_campaign=pin30&utm_content=d13-smokeweather,2026-07-30T00:30:00,"smoking weather, bbq weather, weekend bbq, smoker tips, backyard smoking"
Smoked Turkey Time Calculator — Don't Wait for November to Practice,https://pitmaster.tools/og/pins/d14-turkey.jpg,BBQ Calculators & Cheat Sheets,,"The best Thanksgiving turkeys get a summer practice run. This free calculator gives exact smoke time for any bird at 275°F — 12 lb in about 6 hours — plus brine and rest timing. Pin now, thank yourself in November.",https://pitmaster.tools/turkey-smoking-calculator?utm_source=pinterest&utm_medium=pin&utm_campaign=pin30&utm_content=d14-turkey,2026-07-31T00:30:00,"smoked turkey, turkey smoking time, thanksgiving turkey, smoked turkey recipe, holiday cooking"
Overnight Brisket: When to Start So It's Done for Lunch,https://pitmaster.tools/og/pins/d15-brisket2.jpg,Smoked Brisket,,"A 13 lb brisket at 225°F needs 16–19 hours plus rest — which means lighting the smoker around 6 PM the night before. This free calculator works backward from your serve time to your exact fire-up time. Sleep math, solved.",https://pitmaster.tools/brisket-calculator?utm_source=pinterest&utm_medium=pin&utm_campaign=pin30&utm_content=d15-brisket2,2026-08-01T00:30:00,"overnight brisket, brisket cook time, smoked brisket, brisket timing, low and slow"
Feeding 20 at a Cookout? Here's Exactly How Much Meat to Buy,https://pitmaster.tools/og/pins/d16-meatpp2.jpg,BBQ for a Crowd,,"20 guests ≈ 10 lb of cooked meat ≈ 20 lb raw — but the split changes if you're serving ribs vs pulled pork vs brisket. Free calculator: enter your headcount and menu, get a shopping list. Peak cookout season, handled.",https://pitmaster.tools/meat-per-person?utm_source=pinterest&utm_medium=pin&utm_campaign=pin30&utm_content=d16-meatpp2,2026-08-01T18:00:00,"bbq for 20, how much meat per person, cookout planning, summer party food, bbq shopping list"
3-2-1 Ribs Explained — Get Your Exact Wrap and Sauce Times,https://pitmaster.tools/og/pins/d17-ribs2.jpg,Ribs & Pulled Pork,,"3 hours of smoke, 2 wrapped, 1 sauced — but baby backs need less and beef ribs need more. This free calculator adjusts the classic 3-2-1 method to your rack and your smoker temp, with clock times for every stage.",https://pitmaster.tools/rib-calculator?utm_source=pinterest&utm_medium=pin&utm_campaign=pin30&utm_content=d17-ribs2,2026-08-02T18:00:00,"321 ribs, 3-2-1 method, smoked ribs, rib timing, spare ribs"
"Why Your Brisket Is Stuck at 165°F — The Stall, Explained",https://pitmaster.tools/og/pins/d18-stall.jpg,Smoked Brisket,,"Every big cut hits a wall around 150–170°F and sits there for hours. It's evaporative cooling, not a broken thermometer. This guide covers why the stall happens, when to wrap, and when to just wait it out. Don't crank the heat — read this first.",https://pitmaster.tools/guides/techniques/managing-the-stall?utm_source=pinterest&utm_medium=pin&utm_campaign=pin30&utm_content=d18-stall,2026-08-04T00:30:00,"brisket stall, the stall bbq, brisket stuck at 165, when to wrap brisket, smoking tips"
The Dry Rub Ratio That Works on Everything (and Scales Perfectly),https://pitmaster.tools/og/pins/d19-rub2.jpg,BBQ Calculators & Cheat Sheets,,"Great rubs are a ratio, not a recipe. Keep salt, sugar, and spice in balance and you can season a 3 lb chicken or a 16 lb brisket from the same formula. This free tool scales any rub to any weight — measured in spoons, not vibes.",https://pitmaster.tools/dry-rub-calculator?utm_source=pinterest&utm_medium=pin&utm_campaign=pin30&utm_content=d19-rub2,2026-08-05T00:30:00,"dry rub ratio, bbq rub recipe, all purpose rub, spice blend, bbq seasoning"
"The Multi-Meat Schedule: Brisket, Ribs & Chicken All Done at 6",https://pitmaster.tools/og/pins/d20-coordinator2.jpg,BBQ for a Crowd,,"The brisket goes on at 4 AM, ribs at noon, chicken at 4:30 — and everything lands together. Enter up to 6 meats and one serve time; this free tool builds the full start-time schedule. Hosting season's secret weapon.",https://pitmaster.tools/cook-time-coordinator?utm_source=pinterest&utm_medium=pin&utm_campaign=pin30&utm_content=d20-coordinator2,2026-08-06T00:30:00,"bbq schedule, multi meat smoking, bbq hosting, dinner party bbq, smoking timeline"
Summer Smoking: What 95°F Ambient Does to Your Cook,https://pitmaster.tools/og/pins/d21-summer.jpg,Smoking Weather & Seasons,,"Hot days mean faster starts, thirstier water pans, and afternoon thunderstorms that ambush your fire. Our summer guide covers how heat and humidity change your smoke — plus which days this week actually forecast well. Peak grilling season; smoke accordingly.",https://pitmaster.tools/seasonal/summer?utm_source=pinterest&utm_medium=pin&utm_campaign=pin30&utm_content=d21-summer,2026-08-07T00:30:00,"summer bbq, hot weather smoking, national grilling month, summer cookout, smoker tips"
Pulled Pork Math: One 8 lb Butt Feeds 12 — Here's the Timing,https://pitmaster.tools/og/pins/d22-porkbutt2.jpg,Ribs & Pulled Pork,,"An 8 lb pork butt yields about 5 lb of pulled pork — a dozen generous sandwiches — and needs 10–12 hours at 225°F. This free calculator gives your exact cook time and start time by weight and temp, so the buns and the butt are ready together.",https://pitmaster.tools/pork-shoulder-calculator?utm_source=pinterest&utm_medium=pin&utm_campaign=pin30&utm_content=d22-porkbutt2,2026-08-08T00:30:00,"pulled pork sandwiches, pork butt yield, pulled pork for a crowd, smoked pork, bbq math"
"Reunion & Party BBQ Planner — Meat, Servings and Cost in One Shot",https://pitmaster.tools/og/pins/d23-catering2.jpg,BBQ for a Crowd,,"August is reunion season. Enter your headcount and this free tool returns the raw pounds to buy per meat, the servings you'll get, and the total budget — for anywhere from 20 to 500 people. Print the list, hit the butcher, done.",https://pitmaster.tools/catering-calculator?utm_source=pinterest&utm_medium=pin&utm_campaign=pin30&utm_content=d23-catering2,2026-08-08T18:00:00,"family reunion food, bbq catering, party planning, feeding a crowd, event food planning"
The Only Pull Temps You Need to Memorize (Plus a Chart for the Rest),https://pitmaster.tools/og/pins/d24-chart2.jpg,BBQ Calculators & Cheat Sheets,,"Brisket comes off probe-tender around 203°F. Pork butt too. Chicken is safe at 165°F, ribs are done when they bend. For everything else — turkey, chuck, sausage, fish — there's one free printable chart with smoker temps and times per pound.",https://pitmaster.tools/smoking-times-and-temps?utm_source=pinterest&utm_medium=pin&utm_campaign=pin30&utm_content=d24-chart2,2026-08-09T18:00:00,"meat pull temps, internal temperature chart, brisket done temp, bbq cheat sheet, smoking chart"
"The 50 Best (and Worst) US Cities for Smoking Weather, Ranked",https://pitmaster.tools/og/pins/d25-bestcities.jpg,Smoking Weather & Seasons,,"We grade the 7-day forecast for wind, rain, and temperature in 50 US metros and rank them — updated from real weather data. See where your city lands and whether this week is worth lighting the fire. Bragging rights included.",https://pitmaster.tools/smoke-weather/best-cities?utm_source=pinterest&utm_medium=pin&utm_campaign=pin30&utm_content=d25-bestcities,2026-08-11T00:30:00,"best bbq cities, smoking weather, bbq rankings, us bbq, weather for grilling"
Snake Method Setup: Exactly How Many Briquettes for an 8-Hour Cook,https://pitmaster.tools/og/pins/d26-charcoal2.jpg,BBQ Calculators & Cheat Sheets,,"The snake method turns a kettle into a set-and-forget smoker — if you build it long enough. This free calculator gives the briquette count and snake length for your temp and cook time, so the fire dies when the cook ends, not before.",https://pitmaster.tools/charcoal-calculator?utm_source=pinterest&utm_medium=pin&utm_campaign=pin30&utm_content=d26-charcoal2,2026-08-12T00:30:00,"snake method, kettle grill smoking, charcoal setup, weber kettle, charcoal calculator"
The Chicken Brine Formula — Exact Salt & Time by Bird Weight,https://pitmaster.tools/og/pins/d27-brine2.jpg,BBQ Calculators & Cheat Sheets,,"Dry smoked chicken is a brine problem, not a smoker problem. This free calculator gives the exact salt, sugar, water, and brining time for your bird's weight — wet or dry method. Juicy every time, measured not guessed.",https://pitmaster.tools/brine-calculator?utm_source=pinterest&utm_medium=pin&utm_campaign=pin30&utm_content=d27-brine2,2026-08-13T00:30:00,"chicken brine, brine formula, juicy smoked chicken, poultry brine, how to brine chicken"
Restaurant Brisket vs. Your Backyard: The Real Cost Per Plate,https://pitmaster.tools/og/pins/d28-cost2.jpg,BBQ for a Crowd,,"Brisket plates run $25–30 out. At home? This free calculator totals your meat, rub, and fuel and divides by servings — most backyard cooks land under $10 a plate. Run your own numbers before your next cook (or your next food-truck daydream).",https://pitmaster.tools/bbq-cost-calculator?utm_source=pinterest&utm_medium=pin&utm_campaign=pin30&utm_content=d28-cost2,2026-08-14T00:30:00,"bbq cost comparison, brisket price, homemade vs restaurant, bbq budget, cost per plate"
13 Free BBQ Calculators Every Backyard Pitmaster Should Bookmark,https://pitmaster.tools/og/pins/d29-toolshub.jpg,BBQ Calculators & Cheat Sheets,,"Brisket time. Rib schedules. Meat per person. Charcoal loads. Brine ratios. Cook coordination. What it all costs. Thirteen free calculators, no signup, built for people who smoke meat. Pin this one — it's the whole toolbox.",https://pitmaster.tools/tools?utm_source=pinterest&utm_medium=pin&utm_campaign=pin30&utm_content=d29-toolshub,2026-08-15T00:30:00,"bbq calculators, free bbq tools, smoking tools, pitmaster tools, bbq resources"
Flat vs. Whole Packer: Why Your Brisket Timing Is Probably Wrong,https://pitmaster.tools/og/pins/d30-brisket3.jpg,Smoked Brisket,,"A 6 lb flat and a 14 lb packer don't just differ in size — thickness changes everything about the clock. This free calculator handles both cuts, any weight, any smoker temp, and tells you exactly when to start. The #1 tool on pitmaster.tools.",https://pitmaster.tools/brisket-calculator?utm_source=pinterest&utm_medium=pin&utm_campaign=pin30&utm_content=d30-brisket3,2026-08-15T18:00:00,"brisket flat, packer brisket, brisket cuts, brisket timing, smoked brisket"
